Parasite,CRT.geno,Plasmepsin.CNV,Plasmepsin.geno,Geno.Code,Geno.Code.CRT.PMCN,Date,PPQ IC50,PPQ IC75,LIMITED POINT IC50,LIMITED POINT IC75,AUC,AUC REMAINING POINTS,PSA,%P pre percoll,%P post percoll,%R post percoll,working stock date
FG0186,K,1,M,K1M,K1,2/2/21,,,,,,,33.9859775,,,,
FG0186,K,1,M,K1M,K1,12/8/21,,,,,,,6.27504723,,,,
FG0186,K,1,M,K1M,K1,1/23/22,6.159,9.118,7.089,11.17,154.8,144.2,12.5646371,1.926666667,1.12,0.836092715,1/29/21 LC
FG0186,K,1,M,K1M,K1,1/25/22,6.14,9.186,6.635,10.25,145.3,102.7,21.4163596,1.813333333,1.252,0.841503268,1/29/21 LC
FG0186,K,1,M,K1M,K1,1/31/22,1.734,1.843,1.733,1.764,139.3,73.49,,0.8,0.876,0.759574468,1/29/21 LC
FG0264,K,1,M,K1M,K1,3/25/21,6.244,6.611,6.934,9.471,153.5,145.3,4.4158219,1.993333333,1.832,0.769650655,1/29/21 LC
FG0264,K,1,M,K1M,K1,3/28/21,5.119,7.701,5.776,8.682,176.2,108.5,16.6184038,1.38,4.814,0.8252,1/29/21 LC
FG0264,K,1,M,K1M,K1,3/30/21,5.621,7.666,5.884,8.765,125.7,175.8,15.9726758,,,,1/29/21 LC
FG0268,K,1,M,K1M,K1,4/23/21,4.808,7.054,8.344,16.79,189.3,152,2.97044341,0.353333333,2.14,0.793457944,1/29/21 LC
FG0268,K,1,M,K1M,K1,4/26/21,0,0,7.276,14.13,208.8,132.9,5.87163942,2.713333333,4.65,0.859784946,1/29/21 LC
FG0305,K,1,K,K1K,K1,12/17/20,,,,,,,3.50205805,,,,
FG0305,K,1,K,K1K,K1,12/19/20,,,,,,,5.25616416,,,,
FG0305,K,1,K,K1K,K1,12/21/20,,,,,,,5.57096955,,,,
FG0305,K,1,K,K1K,K1,2/2/21,,,,,,,8.75071079,,,,
FG0305,K,1,K,K1K,K1,3/25/21,8.608,10.97,12.43,17.21,219.4,144,0.80999269,3.22,1.04,0.703846154,1/29/21 LC
FG0305,K,1,K,K1K,K1,3/28/21,6.207,8.468,8.626,17.66,183.7,153.8,10.0752824,1.62,6.804,0.782082324,1/29/21 LC
FG0305,K,1,K,K1K,K1,3/30/21,5.781,7.236,7.197,10.97,162.7,131.9,10.9688531,,,,1/29/21 LC
FG0305,K,1,K,K1K,K1,4/23/21,0,6.343,8.176,13,215.4,179.7,3.91763442,0.546666667,5.864,0.848908595,1/29/21 LC
FG0305,K,1,K,K1K,K1,4/26/21,6.183,7.396,8.011,12.9,191.7,120,4.38157447,3.413333333,2.078,0.717035611,1/29/21 LC
FG0305,K,1,K,K1K,K1,4/27/21,4.539,7.691,5.977,11.31,187.8,151.9,9.6095958,,2.408,0.752508361,1/29/21 LC
FG0305,K,1,K,K1K,K1,12/8/21,,,,,,,16.6581333,,,,
FG0305,K,1,K,K1K,K1,1/19/22,6.218,9.556,8.301,14.79,184.8,142.9,9.51185838,2.393333333,0.518,0.684931507,1/29/21 LC
FG0305,K,1,K,K1K,K1,1/23/22,4.4,10.5,7.137,18.77,188.3,146.1,8.85402021,2.6,2.7,1.150050352,1/29/21 LC
FG0305,K,1,K,K1K,K1,1/25/22,9.545,14.12,12.12,21.54,194.5,96.26,2.09192984,1.793333333,2.548,0.679967427,1/29/21 LC
FG0305,K,1,K,K1K,K1,1/26/22,7.922,10.55,10.85,17.1,194.5,167.1,0.22457186,1.273333333,2.532,0.789598109,1/29/21 LC
FG0309,K,1,K,K1K,K1,12/17/20,,,,,,,3.49547173,,,,
FG0309,K,1,K,K1K,K1,12/19/20,,,,,,,5.10094396,,,,
FG0309,K,1,K,K1K,K1,12/21/20,,,,,,,16.0104629,,,,
FG0309,K,1,K,K1K,K1,1/19/22,7.022,10.7,9.142,16.3,172.2,134.2,20.8947775,3.06,0.918,0.736943907,1/29/21 LC
FG0309,K,1,K,K1K,K1,1/23/22,4.633,8.598,5.804,12.37,161,113,9.97393779,1.866666667,0.668,0.716216216,1/29/21 LC
FG0309,K,1,K,K1K,K1,1/26/22,7.122,11.02,8.103,11.7,167.7,116.1,10.7521849,0.96,3.434,0.666104553,1/29/21 LC
FG0477,K,1,M,K1M,K1,3/26/21,4.445,6.018,4.975,7.329,142.7,143.1,,1.02,1.404,0.773504274,1/29/21 LC
FG0477,K,1,M,K1M,K1,3/28/21,3.396,3.531,3.402,3.531,138.5,136.9,14.3018697,1.633333333,3.756,0.710461081,1/29/21 LC
FG0477,K,1,M,K1M,K1,3/30/21,4.797,6.108,5.353,7.665,167.3,162.4,19.0672061,,,,1/29/21 LC
FG0530,K,1,K,K1K,K1,3/25/21,,,,,,,3.73155771,,,,
FG0530,K,1,K,K1K,K1,3/27/21,,,,,,,11.0202562,,,,
FG0531,K,1,K,K1K,K1,4/23/21,5.318,7.189,5.592,7.898,129.6,119.4,20.5084176,0.873333333,3.686,0.920781335,1/29/21 LC
FG0531,K,1,K,K1K,K1,4/26/21,3.818,6.157,4.371,7.925,131.2,146.5,16.2816211,1.22,3.564,0.879910213,1/29/21 LC
FG0590,K,1,M,K1M,K1,1/23/22,7.108,24.22,7.98,20.25,168.2,102.9,,2.766666667,0.406,0.59469697,1/29/21 LC
FG0590,K,1,M,K1M,K1,1/25/22,6.792,9.336,7.227,10.31,147.2,78.23,3.13066283,1.606666667,1.586,0.623773173,1/29/21 LC
FG0590,K,1,M,K1M,K1,1/27/22,3.575,33.12,9.215,16.04,198.3,132.3,,0.8,0.638,0.861386139,1/29/21 LC
FG0063,K,2,K,K2K,K2,1/19/22,2.586,3.934,3.566,6.364,184.1,139.5,,1.966666667,0.478,0.462427746,1/29/21 LC
FG0063,K,2,K,K2K,K2,1/23/22,6.424,11.55,8.892,19.42,179.5,144.4,,1.32,0.65,1.097560976,1/29/21 LC
FG0063,K,2,K,K2K,K2,1/25/22,4.404,5.628,4.632,6.068,134.6,88.48,,1.1,0.58,0.616236162,1/29/21 LC
FG0063,K,2,K,K2K,K2,1/28/22,,,,,,,6.00203219,,,,
FG0128,K,2,K,K2K,K2,3/25/21,6.317,6.788,7.274,9.518,145.2,107.2,6.25814969,1.7,1.438,0.735744089,1/29/21 LC
FG0128,K,2,K,K2K,K2,3/27/21,4.029,5.897,4.272,9.356,135.8,148.6,16.5774835,2.52,2.086,0.744539411,1/29/21 LC
FG0128,K,2,K,K2K,K2,3/29/21,,,,,,,8.99726317,,,,
FG0183,K,2,K,K2K,K2,3/26/21,3.094,3.141,3.113,4.019,197.6,119.7,,1.16,2.352,0.777210884,1/29/21 LC
FG0183,K,2,K,K2K,K2,3/28/21,1.90E-10,4.74E-08,6.716,26.59,204.7,81.95,4.81976064,1.106666667,3.28,0.733372572,1/29/21 LC
FG0183,K,2,K,K2K,K2,3/30/21,2.74,5.42,3.388,7.352,149.5,142,5.39474961,,,,1/29/21 LC
FG0290,K,2,K,K2K,K2,2/2/21,,,,,,,4.64942826,,,,
FG0290,K,2,K,K2K,K2,12/9/21,,,,,,,5.46698495,,,,
FG0358,K,2,K,K2K,K2,12/17/20,,,,,,,3.05414314,,,,
FG0358,K,2,K,K2K,K2,12/19/20,,,,,,,3.20846445,,,,
FG0358,K,2,K,K2K,K2,12/21/20,,,,,,,4.28202118,,,,
FG0358,K,2,K,K2K,K2,1/23/22,2.929,32.98,11.77,21.83,224.8,126,,1.773333333,0.518,0.642633229,1/29/21 LC
FG0358,K,2,K,K2K,K2,1/25/22,5.096,9.984,7.626,13.55,203.8,113.4,,1.406666667,0.772,0.776497696,1/29/21 LC
FG0358,K,2,K,K2K,K2,1/27/22,7.37E-08,0.000003145,1.537,7.126,141.3,94.3,,0.726666667,1.512,0.851458886,1/29/21 LC
FG0295,K,3,K,K3K,K3,1/19/22,3.134,3.892,4.407,8.556,194.9,160,5.37258567,2.753333333,1.244,0.756024096,1/29/21 LC
FG0295,K,3,K,K3K,K3,1/23/22,6.469,20.47,10.5,17.5,187,149.1,5.40969394,2.813333333,0.828,0.714922049,1/29/21 LC
FG0295,K,3,K,K3K,K3,1/25/22,6.288,6.775,8.154,11.69,190,142.9,,1.986666667,0.584,0.527687296,1/29/21 LC
KH004,K,4,K,K4K,K4,12/16/20,,,,,,,1.47744695,,,,
KH004,K,4,K,K4K,K4,12/17/20,,,,,,,2.63116044,,,,
KH004,K,4,K,K4K,K4,12/18/20,,,,,,,1.91333411,,,,
KH004,K,4,K,K4K,K4,12/19/20,,,,,,,2.44814159,,,,
KH004,K,4,K,K4K,K4,12/20/20,,,,,,,2.05424258,,,,
KH004,K,4,K,K4K,K4,12/21/20,,,,,,,1.81123407,,,,
KH004,K,4,K,K4K,K4,2/2/21,,,,,,,2.35362092,,,,
KH004,K,4,K,K4K,K4,3/25/21,0,0,13.53,25.67,239.1,150,1.24901292,1.826666667,1.154,0.604852686,1/29/21 LC
KH004,K,4,K,K4K,K4,3/26/21,2.033,2.748,3.158,7.855,205,145.2,,0.806666667,2.894,0.638562543,1/29/21 LC
KH004,K,4,K,K4K,K4,3/27/21,2.50E-08,4.90E-07,2.472,9.684,204.3,150.5,2.14914882,2.78,4.232,0.729989868,1/29/21 LC
KH004,K,4,K,K4K,K4,3/28/21,0,0,9.985,21.49,215.8,104,1.94012982,1.84,3.812,0.759011329,1/29/21 LC
KH004,K,4,K,K4K,K4,3/29/21,,,,,,,2.96582129,,,,
KH004,K,4,K,K4K,K4,3/30/21,3.524,4.605,5.731,10.62,216.1,134.2,2.9847898,,,,1/29/21 LC
KH004,K,4,K,K4K,K4,4/23/21,,,12.2,19.15,247.2,152.4,3.48097598,0.426666667,2.606,0.886415963,1/29/21 LC
KH004,K,4,K,K4K,K4,4/26/21,0,0,8.86,15.08,218.8,145.6,1.38676343,3.186666667,1.236,0.629449838,1/29/21 LC
KH004,K,4,K,K4K,K4,4/27/21,,,12.04,26.4,246,155.2,3.70291845,,2.294,0.712663755,1/29/21 LC
KH004,K,4,K,K4K,K4,12/8/21,,,,,,,2.41881726,,,,
KH004,K,4,K,K4K,K4,12/9/21,,,,,,,4.46108668,,,,
KH004,K,4,K,K4K,K4,1/19/22,8.36E-07,6.689,8.788,13.6,222.6,146.9,7.67550113,2.44,1.696,0.744630072,1/29/21 LC
KH004,K,4,K,K4K,K4,1/23/22,0,0,11.81,27.81,230.9,169.9,3.92112984,3.68,2.672,1.212539851,1/29/21 LC
KH004,K,4,K,K4K,K4,1/25/22,0,0,10.03,15.1,252.5,152.4,2.36840989,3.16,2.8,1.146292585,1/29/21 LC
KH004,K,4,K,K4K,K4,1/26/22,0,0,10.05,14.76,227.8,159.6,6.60775912,1.78,7.104,0.913438257,1/29/21 LC
KH004,K,4,K,K4K,K4,1/27/22,0,0,11.35,19.91,223.1,135.3,,1.326666667,0.588,0.766233766,1/29/21 LC
KH004,K,4,K,K4K,K4,1/28/22,12.21,15.28,18.67,28.47,211.7,125.3,1.037676221,1.746666667,4.218,0.94489093,1/29/21 LC
KH004,K,4,K,K4K,K4,1/31/22,0,1.18E-10,11.32,16.21,198.3,139.4,,2.14,3.434,0.762614679,1/29/21 LC
9040,M,1,M,M1M,M1,12/16/20,,,,,,,34.2489825,,,,
9040,M,1,M,M1M,M1,12/17/20,,,,,,,25.2348989,,,,
9040,M,1,M,M1M,M1,12/18/20,,,,,,,35.3343549,,,,
9040,M,1,M,M1M,M1,12/19/20,,,,,,,37.1553314,,,,
9040,M,1,M,M1M,M1,12/20/20,,,,,,,29.4466852,,,,
9040,M,1,M,M1M,M1,12/21/20,,,,,,,69.5556326,,,,
9040,M,1,M,M1M,M1,2/2/21,,,,,,,10.435003,,,,
9040,M,1,M,M1M,M1,3/25/21,,,,,,,16.6171554,,,,
9040,M,1,M,M1M,M1,3/28/21,2.237,3.459,2.721,6.671,177.4,176.8,14.7388051,1.62,3.896,0.701212789,1/29/21 LC
9040,M,1,M,M1M,M1,3/29/21,3.778,4.745,3.928,5.099,131.6,181,18.9664892,3.32,2.918,0.700531208,1/29/21 LC
9040,M,1,M,M1M,M1,3/30/21,3.087,4.322,3.163,4.623,112,141.5,16.5009238,,,,1/29/21 LC
9040,M,1,M,M1M,M1,4/23/21,3.603,4.7,4.028,5.943,156.9,167.9,34.0045416,0.866666667,1.826,0.903614458,1/29/21 LC
9040,M,1,M,M1M,M1,4/26/21,2.944,4.281,3.164,5.023,122.5,172.6,21.4952999,2.12,2.272,0.598591549,1/29/21 LC
9040,M,1,M,M1M,M1,4/27/21,2.94,3.473,2.948,3.631,128.4,161.1,55.3104263,,1.75,0.945480631,1/29/21 LC
9040,M,1,M,M1M,M1,12/8/21,,,,,,,53.8637912,,,,
9040,M,1,M,M1M,M1,12/9/21,,,,,,,77.3827747,,,,
9040,M,1,M,M1M,M1,1/19/22,4.369,6.171,4.516,6.35,135.9,139.5,30.4029085,1.62,0.806,0.750588235,1/29/21 LC
9040,M,1,M,M1M,M1,1/23/22,2.903,3.954,3.096,4.589,139.6,147.1,31.91513749,1.58,1.498,1.87761194,1/29/21 LC
9040,M,1,M,M1M,M1,1/25/22,3.094,4.287,3.293,4.911,123.6,169.8,17.9728967,2.186666667,1.826,1.249122807,1/29/21 LC
9040,M,1,M,M1M,M1,1/26/22,5.969,8.027,6.274,8.714,144.2,147.2,,1.473333333,1.606,0.971875,1/29/21 LC
9040,M,1,M,M1M,M1,1/28/22,3.827,4.373,4.175,5.013,128.3,169.6,,0.84,0.9,1.777777778,1/29/21 LC
9040,M,1,M,M1M,M1,1/31/22,2.7,4.038,2.961,4.704,129.8,174.2,,0.5,0.748,0.62755102,1/29/21 LC
FG0007,M,1,M,M1M,M1,12/16/20,,,,,,,27.0344439,,,,
FG0007,M,1,M,M1M,M1,12/18/20,,,,,,,22.4103751,,,,
FG0007,M,1,M,M1M,M1,12/20/20,,,,,,,19.162624,,,,
FG0012,M,1,M,M1M,M1,12/16/20,,,,,,,31.295,,,,
FG0012,M,1,M,M1M,M1,12/18/20,,,,,,,17.621,,,,
FG0012,M,1,M,M1M,M1,12/20/20,,,,,,,34.214,,,,
FG0032,M,1,M,M1M,M1,4/23/21,4.962,7.172,5.444,8.2,161.3,177.1,50.7906078,0.026666667,2.822,0.908575478,1/29/21 LC
FG0032,M,1,M,M1M,M1,4/27/21,3.815,5.619,4.298,6.844,148.8,171.7,58.712596,,3.45,0.834845735,1/29/21 LC
FG0065,M,1,M,M1M,M1,3/25/21,4.753,6.348,5.402,8.442,157.5,111.5,23.4904795,1.8,1.542,0.691309987,1/29/21 LC
FG0065,M,1,M,M1M,M1,3/27/21,3.276,3.542,3.248,3.549,81.86,103.7,21.121208,2.2,2.148,0.734104046,1/29/21 LC
FG0065,M,1,M,M1M,M1,3/29/21,5.199,6.936,5.396,7.338,147.4,178.1,28.4900956,2.266666667,2.94,0.732872407,1/29/21 LC
FG0066,M,1,M,M1M,M1,4/27/21,3.792,5.055,4.001,5.677,123.8,153,62.3491025,,4.362,0.829529576,1/29/21 LC
FG0083,M,1,NA,M1NA,M1,4/23/21,3.932,6.907,4.388,8.016,143,147.5,44.1424221,0.78,3.364,0.893579073,1/29/21 LC
FG0083,M,1,NA,M1NA,M1,4/27/21,3.938,5.168,4.209,5.865,159.6,182.9,34.3606611,,2.542,0.784615385,1/29/21 LC
FG0087,M,1,M,M1M,M1,12/16/20,,,,,,,40.1988219,,,,
FG0087,M,1,M,M1M,M1,12/18/20,,,,,,,26.8409986,,,,
FG0087,M,1,M,M1M,M1,12/20/20,,,,,,,38.9248705,,,,
FG0123,M,1,K,M1K,M1,4/23/21,4.033,5.021,4.286,5.515,131.4,138.6,39.2451692,0.78,2.636,0.861911988,1/29/21 LC
FG0123,M,1,K,M1K,M1,4/26/21,1.815,2.808,1.845,2.942,95.17,160.7,61.7739828,1.186666667,1.9,0.826315789,1/29/21 LC
FG0123,M,1,K,M1K,M1,1/25/22,3.583,5.515,3.921,6.508,129.2,157.1,41.0980314,2.22,3.008,0.97790449,1/29/21 LC
FG0123,M,1,K,M1K,M1,1/27/22,4.024,5.397,4.238,5.911,134.5,170.3,,1.426666667,0.86,0.879781421,1/29/21 LC
FG0123,M,1,K,M1K,M1,1/31/22,3.276,3.904,3.43,4.369,144.4,163,,0.813333333,0.772,0.681093394,1/29/21 LC
FG0131,M,1,K,M1K,M1,4/23/21,4.898,6.568,5.059,6.933,133,156.1,56.7887751,0.82,4.662,0.904761905,1/29/21 LC
FG0131,M,1,K,M1K,M1,4/26/21,4.079,5.332,4.2,5.58,129.7,178.8,60.3335913,2.266666667,4.742,0.872627583,1/29/21 LC
FG0131,M,1,K,M1K,M1,1/25/22,4.084,6.483,4.445,7.737,122.8,156.1,,1.78,0.924,0.898823529,1/29/21 LC
FG0131,M,1,K,M1K,M1,1/28/22,5.958,8.135,6.202,8.591,131.2,122.5,50.6463156,2.146666667,4.004,1.067331671,1/29/21 LC
FG0131,M,1,K,M1K,M1,1/31/22,4.534,6.476,4.707,6.818,122.1,132.8,,1.373333333,2.87,0.801078894,1/29/21 LC
FG0156,M,1,M,M1M,M1,4/23/21,3.354,3.576,3.844,4.473,118.4,129.6,59.8019426,0.52,3.76,0.927659574,1/29/21 LC
FG0156,M,1,M,M1M,M1,4/26/21,2.168,3.467,2.227,3.687,104.1,164,41.5718391,2.153333333,3.94,0.845177665,1/29/21 LC
FG0162,M,1,M,M1M,M1,12/16/20,,,,,,,13.1559042,,,,
FG0162,M,1,M,M1M,M1,12/18/20,,,,,,,50.4218177,,,,
FG0162,M,1,M,M1M,M1,12/20/20,,,,,,,24.2997536,,,,
FG0170,M,1,M,M1M,M1,3/25/21,3.304,3.499,3.316,3.489,147,175.3,8.2817728,2.106666667,1.136,0.767605634,1/29/21 LC
FG0170,M,1,M,M1M,M1,3/27/21,2.947,3.112,2.956,3.143,146.3,151.3,25.4631383,2.346666667,1.074,0.692844677,1/29/21 LC
FG0170,M,1,M,M1M,M1,3/29/21,6.236,7.554,7.292,10.6,171.2,164.6,26.8876337,2.133333333,1.62,0.730932203,1/29/21 LC
FG0175,M,1,M,M1M,M1,2/2/21,,,,,,,41.2322073,,,,
FG0175,M,1,M,M1M,M1,3/25/21,2.646,3.597,2.959,4.564,143,147.6,9.59706075,1.606666667,1.148,0.785714286,1/29/21 LC
FG0175,M,1,M,M1M,M1,3/27/21,0.7964,1.693,0.6681,1.736,84.46,166.1,23.5847034,1.933333333,1.694,0.726403823,1/29/21 LC
FG0175,M,1,M,M1M,M1,3/29/21,,,,,,,26.71493,,,,
FG0175,M,1,M,M1M,M1,4/23/21,4.258,5.172,4.409,5.451,145.5,148,37.2473789,0.04,2.69,0.883271375,1/29/21 LC
FG0175,M,1,M,M1M,M1,4/27/21,2.969,3.124,3.058,3.145,120,143,52.5670284,,1.97,0.941475827,1/29/21 LC
FG0175,M,1,M,M1M,M1,12/9/21,,,,,,,40.9106374,,,,
FG0175,M,1,M,M1M,M1,1/19/22,2.97,3.728,3.034,3.998,122.9,159.7,,1.16,0.382,0.641975309,1/29/21 LC
FG0175,M,1,M,M1M,M1,1/23/22,1.733,4.692,3.229,7.7,134.7,161.6,21.5346994,1,1.098,1.294617564,1/29/21 LC
FG0175,M,1,M,M1M,M1,1/25/22,4.624,5.949,4.786,6.289,143.1,158.6,22.7880736,1.78,4.382,0.981981982,1/29/21 LC
FG0175,M,1,M,M1M,M1,1/26/22,4.141,4.909,4.421,5.407,140.2,154.5,64.0487379,1.74,2.524,1.02002002,1/29/21 LC
FG0184,M,1,M,M1M,M1,4/26/21,3.304,4.26,3.3,4.253,113.5,117.9,44.7159445,1.826666667,3.144,0.823155216,1/29/21 LC
FG0209,M,1,M,M1M,M1,4/23/21,6.949,8.38,7.978,10.75,156,178.6,60.229192,0.7,5.102,0.920815367,1/29/21 LC
FG0209,M,1,M,M1M,M1,4/27/21,5.219,6.983,5.338,7.06,163.4,163.9,49.8991269,,4.328,0.787571617,1/29/21 LC
FG0229,M,1,M,M1M,M1,4/23/21,4.178,5.318,4.291,5.537,129,158.5,54.8505093,0.493333333,3.728,0.883583691,1/29/21 LC
FG0229,M,1,M,M1M,M1,4/27/21,4.043,5.037,4.26,5.502,130.7,161.5,49.8780445,,3.668,0.734883721,1/29/21 LC
FG0252,M,1,M,M1M,M1,3/26/21,1.234,3.975,1.876,7.468,156.7,183.9,,1.26,3.214,0.856253889,1/29/21 LC
FG0252,M,1,M,M1M,M1,3/28/21,3.041,3.249,3.022,3.202,144.8,125.2,24.975781,1.766666667,8.322,0.824849607,1/29/21 LC
FG0252,M,1,M,M1M,M1,3/30/21,3.094,4.866,3.373,5.967,122.9,169.6,37.1179524,,,,1/29/21 LC
FG0257,M,1,K,M1K,M1,2/2/21,,,,,,,22.0038659,,,,
FG0257,M,1,K,M1K,M1,12/9/21,,,,,,,27.683556,,,,
FG0296,M,1,M,M1M,M1,4/26/21,1.788,3.268,1.838,3.909,103.4,137.6,33.8531407,1.413333333,2.25,0.832,1/29/21 LC
FG0350,M,1,M,M1M,M1,4/23/21,4.889,5.789,4.84,5.738,117.3,95.77,35.2147109,0.4,2.396,0.883973289,1/29/21 LC
FG0350,M,1,M,M1M,M1,4/26/21,2.146,2.817,2.171,2.887,80.77,102.1,55.4616171,1.666666667,3.35,0.850149254,1/29/21 LC
FG0386,M,1,K,M1K,M1,3/25/21,4.448,5.989,4.736,6.788,137.2,166.6,12.1541707,1.726666667,1.642,0.842874543,1/29/21 LC
FG0386,M,1,K,M1K,M1,3/27/21,1.907,3.687,1.999,4.046,85.86,100.6,33.2419244,1.933333333,3.138,0.745835904,1/29/21 LC
FG0386,M,1,K,M1K,M1,3/29/21,5.665,8.181,5.9,8.703,136,119.4,28.4088506,2.28,4.404,0.814155449,1/29/21 LC
FG0447,M,1,M,M1M,M1,4/27/21,2.721,3.361,2.799,3.638,128.4,146.9,36.5596354,,2.698,0.795661302,1/29/21 LC
FG0478,M,1,M,M1M,M1,4/23/21,5.911,6.335,6.029,6.382,161.7,155.9,44.7141882,0.953333333,3.964,0.899091826,1/29/21 LC
FG0478,M,1,M,M1M,M1,4/26/21,2.182,3.3,2.211,3.448,103.4,185.2,57.1987481,2.186666667,2.134,0.747891284,1/29/21 LC
FG0491,M,1,M,M1M,M1,3/26/21,4.248,6.478,4.698,7.684,135.2,170,,1.386666667,2.054,0.76630964,1/29/21 LC
FG0491,M,1,M,M1M,M1,3/28/21,6.822,8.371,6.845,10.79,119,119.2,30.265254,1.48,3.328,0.730852211,1/29/21 LC
FG0491,M,1,M,M1M,M1,3/30/21,3.714,5.339,3.672,5.16,110.8,126.8,56.8891726,,,,1/29/21 LC
FG0563,M,1,M,M1M,M1,3/26/21,3.603,5.084,3.788,5.574,107.3,144.4,,1.113333333,1.756,0.884965831,1/29/21 LC
FG0563,M,1,M,M1M,M1,3/28/21,4.728,5.507,4.812,5.647,130.2,138,34.8676311,1.46,5.98,0.797557252,1/29/21 LC
FG0563,M,1,M,M1M,M1,3/30/21,3.653,5.474,3.696,5.759,104.8,139.8,32.9908671,,,,1/29/21 LC
FG0593,M,1,K,M1K,M1,12/17/20,,,,,,,26.4688116,,,,
FG0593,M,1,K,M1K,M1,12/19/20,,,,,,,31.8550089,,,,
FG0593,M,1,K,M1K,M1,12/21/20,,,,,,,27.9462474,,,,
FG0593,M,1,K,M1K,M1,1/23/22,4.602,6.19,4.981,7.013,152.5,163.2,,1.066666667,0.542,0.662756598,1/29/21 LC
FG0593,M,1,K,M1K,M1,1/25/22,4.414,5.968,4.504,6.182,111.7,144.5,29.1194405,0.9,1.076,0.718309859,1/29/21 LC
FG0593,M,1,K,M1K,M1,1/31/22,3.064,3.948,3.147,4.244,114,115,,0.986666667,1.34,0.788434415,1/29/21 LC
FG0013,M,2,K,M2K,M2,3/25/21,5.624,7.703,6.312,10.05,162.6,128.9,10.4869551,1.96,1.378,0.732946299,1/29/21 LC
FG0013,M,2,K,M2K,M2,3/27/21,4.289,4.834,4.329,4.899,115.2,168.4,23.109965,1.84,2.756,0.788059701,1/29/21 LC
FG0013,M,2,K,M2K,M2,3/29/21,,,,,,,31.8802885,,,,
FG0029,M,2,K,M2K,M2,3/26/21,2.539,3.713,2.642,4.145,151.2,129.3,,1.026666667,2.116,0.903591682,1/29/21 LC
FG0029,M,2,K,M2K,M2,3/28/21,2.895,4.641,3.215,5.475,147.6,151.2,23.4096067,1.146666667,1.626,0.667025862,1/29/21 LC
FG0029,M,2,K,M2K,M2,3/30/21,3.895,4.947,3.732,4.602,132.1,163,36.028963,,,,1/29/21 LC
FG0058,M,2,K,M2K,M2,4/23/21,4.402,5.873,4.675,6.502,138.9,159.9,63.0342243,0.673333333,2.568,0.916666667,1/29/21 LC
FG0058,M,2,K,M2K,M2,4/26/21,3.756,4.732,3.944,5.244,125.8,107.3,40.2835056,2.113333333,2.228,0.776481149,1/29/21 LC
FG0062,M,2,K,M2K,M2,2/2/21,,,,,,,11.1508388,,,,
FG0062,M,2,K,M2K,M2,12/9/21,,,,,,,28.9099414,,,,
FG0177,M,2,K,M2K,M2,4/26/21,5.107,6.542,5.272,7.085,138.5,147.8,27.1754559,1.773333333,2.106,0.732193732,1/29/21 LC
FG0182,M,2,K,M2K,M2,1/19/22,3.494,4.312,3.653,4.753,128,165.2,49.2311416,2.326666667,0.736,0.699052133,1/29/21 LC
FG0182,M,2,K,M2K,M2,1/23/22,5.731,7.543,6.171,8.303,157.4,164.2,30.7934479,2.086666667,2.352,1.031062124,1/29/21 LC
FG0182,M,2,K,M2K,M2,1/25/22,5.926,7.851,6.147,8.195,142.5,134.8,26.0132772,1.76,1.658,0.760050251,1/29/21 LC
FG0198,M,2,K,M2K,M2,3/26/21,2.016,2.602,2.142,2.882,151.7,192.9,,0.693333333,1.452,0.774104683,1/29/21 LC
FG0198,M,2,K,M2K,M2,3/29/21,,,,,,,19.2716638,,,,
FG0198,M,2,K,M2K,M2,1/25/22,5.516,7.782,5.897,8.665,145.1,161,30.0304929,1.846666667,2.486,0.923141186,1/29/21 LC
FG0198,M,2,K,M2K,M2,1/27/22,4.98,7.188,5.303,7.934,137.3,157.4,,0.8,0.718,0.82885906,1/29/21 LC
FG0198,M,2,K,M2K,M2,1/31/22,5.575,8.361,5.884,8.748,197.3,200.5,,0.98,1.158,0.727858293,1/29/21 LC
FG0525,M,2,K,M2K,M2,4/23/21,4.611,5.672,4.865,6.147,141.8,168.6,35.742352,0.566666667,2.578,0.849495733,1/29/21 LC
FG0525,M,2,K,M2K,M2,1/19/22,4.213,5.68,4.301,5.873,121.9,126.3,41.8298199,2.853333333,1.178,0.762557078,1/29/21 LC
FG0525,M,2,K,M2K,M2,1/23/22,4.599,6.028,4.592,5.916,122.2,106.5,9.41859115,3.76,0.764,0.585987261,1/29/21 LC
FG0525,M,2,K,M2K,M2,1/25/22,5.187,7.253,5.413,8.026,122.9,163.5,25.4092324,2.053333333,1.274,0.679300292,1/29/21 LC
FG0098,M,3,K,M3K,M3,12/17/20,,,,,,,19.4682093,,,,
FG0098,M,3,K,M3K,M3,12/19/20,,,,,,,30.6553671,,,,
FG0098,M,3,K,M3K,M3,12/21/20,,,,,,,76.6094374,,,,
FG0098,M,3,K,M3K,M3,1/25/22,7.27,9.683,7.904,11.25,152.5,139,25.1443977,1.66,2.624,0.922628952,1/29/21 LC
FG0098,M,3,K,M3K,M3,1/27/22,5.165,8.771,5.817,10.05,147.3,143.7,,1.133333333,1.41,0.952702703,1/29/21 LC
FG0098,M,3,K,M3K,M3,1/31/22,5.243,8.021,5.767,8.823,134.8,147.8,,0.82,0.958,0.757028112,1/29/21 LC
FG0132,M,3,K,M3K,M3,2/2/21,,,,,,,35.836996,,,,
FG0132,M,3,K,M3K,M3,12/9/21,,,,,,,45.37353,,,,
FG0132,M,3,K,M3K,M3,1/19/22,6.382,9.475,6.953,12.8,142.8,185.9,49.214569,2.26,1.298,0.784251969,1/29/21 LC
FG0132,M,3,K,M3K,M3,1/23/22,4.538,6.496,5.191,8.154,155.4,134.6,33.3093067,2.42,1.27,1.118343195,1/29/21 LC
FG0132,M,3,K,M3K,M3,1/25/22,5.691,7.699,5.822,8.141,137.8,167.2,37.4701867,1.36,1.738,0.831168831,1/29/21 LC
FG0220,M,3,K,M3K,M3,3/25/21,3.466,4.874,3.613,5.488,114.2,131.2,19.1050068,1.766666667,4.1,0.861463415,1/29/21 LC
FG0220,M,3,K,M3K,M3,3/27/21,1.629,1.963,1.617,1.903,108.1,183.5,24.9928641,2.153333333,3.508,0.757763975,1/29/21 LC
FG0220,M,3,K,M3K,M3,3/29/21,,,,,,,31.6056884,,,,
FG0508,M,3,K,M3K,M3,4/23/21,4.355,5.877,4.581,6.421,128.6,137,32.4168374,0.666666667,2.156,0.747680891,1/29/21 LC
FG0508,M,3,K,M3K,M3,1/23/22,6.57,9.627,7.556,12.51,148.9,154.5,31.2118911,2.726666667,1.184,0.846860643,1/29/21 LC
FG0508,M,3,K,M3K,M3,1/25/22,5.298,7.104,5.413,7.348,126.5,135.8,34.0577515,2.013333333,3.588,0.780487805,1/29/21 LC
FG0508,M,3,K,M3K,M3,1/27/22,2.056,4.129,2.1,4.619,116.3,146.2,,1.6,0.9,0.823943662,1/29/21 LC
FG0565,M,3,K,M3K,M3,4/26/21,1.976,3.449,2.065,3.82,88.51,124.5,37.217983,1.386666667,2,0.8,1/29/21 LC
FG0023,M,4,K,M4K,M4,12/8/21,,,,,,,78.7382363,,,,
FG0023,M,4,K,M4K,M4,1/19/22,3.429,5.56,3.695,6.223,122.2,152.5,40.3625697,2.193333333,1.742,0.844215349,1/29/21 LC
FG0023,M,4,K,M4K,M4,1/23/22,4.731,5.958,4.869,6.139,142,136.1,25.3355327,2.66,1.072,1.312883436,1/29/21 LC
FG0023,M,4,K,M4K,M4,1/25/22,5.123,6.937,5.219,7.11,128.1,126.8,40.0998512,1.88,2.238,0.945054945,1/29/21 LC
FG0191,M,4,K,M4K,M4,12/17/20,,,,,,,23.4269364,,,,
FG0191,M,4,K,M4K,M4,12/19/20,,,,,,,20.2625413,,,,
FG0191,M,4,K,M4K,M4,12/21/20,,,,,,,46.7169261,,,,
FG0191,M,4,K,M4K,M4,1/19/22,5.183,9.974,6.151,13.03,146.7,151.8,29.1418416,2.02,1.878,0.877697842,1/29/21 LC
FG0191,M,4,K,M4K,M4,1/23/22,4.611,7.058,5.342,9.385,168.9,174.1,18.280606,2.146666667,1.324,0.854341737,1/29/21 LC
FG0191,M,4,K,M4K,M4,1/25/22,7.515,10.63,7.912,11.26,143.7,81.27,10.362789,1.686666667,1.532,0.860655738,1/29/21 LC
FG0146,M,5,K,M5K,M5,3/25/21,4.279,5.784,4.748,6.916,150.5,115.2,1.28970846,1.76,1.204,0.77076412,1/29/21 LC
FG0146,M,5,K,M5K,M5,3/27/21,1.285,1.809,1.315,1.866,111.8,151.9,28.9982714,1.993333333,2.116,0.739982191,1/29/21 LC
FG0146,M,5,K,M5K,M5,3/29/21,4.968,6.476,5.305,7.331,137.3,131,29.6142847,2.366666667,2.026,0.735057984,1/29/21 LC
FG0158,M,5,K,M5K,M5,12/9/21,,,,,,,44.38903,,,,
FG0158,M,5,K,M5K,M5,1/19/22,6.742,9.195,6.648,10.02,145.7,125,,1.413333333,0.334,0.574660633,1/29/21 LC
FG0158,M,5,K,M5K,M5,1/23/22,3.302,8.424,5.389,11.89,170.9,149.5,25.9974787,1.626666667,0.624,0.838905775,1/29/21 LC
FG0158,M,5,K,M5K,M5,1/25/22,5.242,7.885,5.659,8.72,149.5,152.3,,1.146666667,0.718,0.914772727,1/29/21 LC
FG0158,M,5,K,M5K,M5,1/28/22,,,,,,,40.476241,,,,
FG0288,M,5,K,M5K,M5,12/16/20,,,,,,,45.5236491,,,,
FG0288,M,5,K,M5K,M5,12/18/20,,,,,,,35.8109059,,,,
FG0288,M,5,K,M5K,M5,12/20/20,,,,,,,42.0195556,,,,
FG0288,M,5,K,M5K,M5,1/23/22,5.252,12.62,6.905,16.23,174.5,137.8,39.9993496,1.966666667,1.054,0.852173913,1/29/21 LC
FG0288,M,5,K,M5K,M5,1/26/22,6.482,10.02,7.552,11.97,170.3,164.7,,2.68,1.686,0.886559803,1/29/21 LC
FG0288,M,5,K,M5K,M5,1/28/22,7.422,8.959,7.765,9.643,152.6,151.5,46.3574351,1.02,1.266,1.180124224,1/29/21 LC
FG0293,M,5,K,M5K,M5,1/19/22,5.49,9.14,6.296,11.82,142.1,147.2,29.9220897,3.286666667,1.062,0.780399274,1/29/21 LC
FG0293,M,5,K,M5K,M5,1/23/22,6.412,15.09,9.002,15.9,176.1,135.8,31.3737258,3.22,0.734,0.826633166,1/29/21 LC
FG0293,M,5,K,M5K,M5,1/25/22,5.972,8.106,6.302,8.939,133.4,146.4,24.3081662,2.006666667,1.044,0.811787072,1/29/21 LC