"","Parasite","Geno.Code.CRT.PMCN","CRT.geno","Plasmepsin.CNV","Plasmepsin.geno","LIMITED.POINT.IC50","sd.LIMITED.POINT.IC50","AUC","sd.AUC","PSA","sd.PSA","IC50","sd.IC50","n()"
"1","9040","M1","M",1,"M",3.68891666666667,NA,135.85,NA,33.1885283363158,NA,3.45425,0.980285035079084,22
"2","FG0007","M1","M",1,"M",NA,NA,NA,NA,22.8691476666667,NA,NA,NA,3
"3","FG0012","M1","M",1,"M",NA,NA,NA,NA,27.71,NA,NA,NA,3
"4","FG0013","M2","M",2,"K",5.3205,NA,138.9,NA,21.8257362,NA,4.9565,0.943987552884041,3
"5","FG0023","M4","M",4,"K",4.59433333333333,NA,130.766666666667,NA,46.134047475,NA,4.42766666666667,0.886801744096917,4
"6","FG0029","M2","M",2,"K",3.19633333333333,NA,143.633333333333,NA,29.71928485,NA,3.10966666666667,0.703025841156165,3
"7","FG0032","M1","M",1,"M",4.871,NA,155.05,NA,54.7516019,NA,4.3885,0.81105147802097,2
"8","FG0058","M2","M",2,"K",4.3095,NA,132.35,NA,51.65886495,NA,4.079,0.45679098064651,2
"9","FG0062","M2","M",2,"K",NA,NA,NA,NA,20.0303901,NA,NA,NA,2
"10","FG0063","K2","K",2,"K",5.69666666666667,NA,166.066666666667,NA,6.00203219,NA,4.47133333333333,1.91988576049028,4
"11","FG0065","M1","M",1,"M",4.682,NA,128.92,NA,24.3672610333333,NA,4.40933333333333,1.00650997676791,3
"12","FG0066","M1","M",1,"M",4.001,NA,123.8,NA,62.3491025,NA,3.792,NA,1
"13","FG0083","M1","M",1,NA,4.2985,NA,151.3,NA,39.2515416,NA,3.935,0.00424264068711945,2
"14","FG0087","M1","M",1,"M",NA,NA,NA,NA,35.3215636666667,NA,NA,NA,3
"15","FG0098","M3","M",3,"K",6.496,NA,144.866666666667,NA,37.969352875,NA,5.89266666666667,1.1934430582702,6
"16","FG0123","M1","M",1,"K",3.544,NA,126.934,NA,47.3723944666667,NA,3.3462,0.913329458629251,5
"17","FG0128","K2","K",2,"K",5.773,NA,140.5,NA,10.6109654533333,NA,5.173,1.61786031535482,3
"18","FG0131","M1","M",1,"K",4.9226,NA,127.76,NA,55.922894,NA,4.7106,0.776829968525932,5
"19","FG0132","M3","M",3,"K",5.98866666666667,NA,145.333333333333,NA,40.24091768,NA,5.537,0.931595942455741,5
"20","FG0146","M5","M",5,"K",3.78933333333333,NA,133.2,NA,19.96742152,NA,3.51066666666667,1.9580281748058,3
"21","FG0156","M1","M",1,"M",3.0355,NA,111.25,NA,50.68689085,NA,2.761,0.838628642487245,2
"22","FG0158","M5","M",5,"K",5.89866666666667,NA,155.366666666667,NA,36.9542499,NA,5.09533333333333,1.7246835458522,5
"23","FG0162","M1","M",1,"M",NA,NA,NA,NA,29.2924918333333,NA,NA,NA,3
"24","FG0170","M1","M",1,"M",4.52133333333333,NA,154.833333333333,NA,20.2108482666667,NA,4.16233333333333,1.80469729687096,3
"25","FG0175","M1","M",1,"M",3.3205125,NA,129.2325,NA,34.022545705,NA,3.017175,1.31517408489197,11
"26","FG0177","M2","M",2,"K",5.272,NA,138.5,NA,27.1754559,NA,5.107,NA,1
"27","FG0182","M2","M",2,"K",5.32366666666667,NA,142.633333333333,NA,35.3459555666667,NA,5.05033333333333,1.35134611899888,3
"28","FG0183","K2","K",2,"K",4.40566666666667,NA,183.933333333333,NA,5.107255125,NA,1.94466666673,1.69340642875945,3
"29","FG0184","M1","M",1,"M",3.3,NA,113.5,NA,44.7159445,NA,3.304,NA,1
"30","FG0186","K1","K",1,"M",5.15233333333333,NA,146.466666666667,NA,18.5605053575,NA,4.67766666666667,2.5493078145515,5
"31","FG0191","M4","M",4,"K",6.46833333333333,NA,153.1,NA,24.6986067333333,NA,5.76966666666667,1.53832289631707,6
"32","FG0198","M2","M",2,"K",4.8065,NA,157.85,NA,24.65107835,NA,4.52175,1.69180817963109,5
"33","FG0209","M1","M",1,"M",6.658,NA,159.7,NA,55.06415945,NA,6.084,1.22329473145273,2
"34","FG0220","M3","M",3,"K",2.615,NA,111.15,NA,25.2345197666667,NA,2.5475,1.29895515703969,3
"35","FG0229","M1","M",1,"M",4.2755,NA,129.85,NA,52.3642769,NA,4.1105,0.0954594154601838,2
"36","FG0252","M1","M",1,"M",2.757,NA,141.466666666667,NA,31.0468667,NA,2.45633333333333,1.05890336354803,3
"37","FG0257","M1","M",1,"K",NA,NA,NA,NA,24.84371095,NA,NA,NA,2
"38","FG0264","K1","K",1,"M",6.198,NA,151.8,NA,12.3356338333333,NA,5.66133333333333,0.563583475035716,3
"39","FG0268","K1","K",1,"M",7.81,NA,199.05,NA,4.421041415,NA,2.404,3.39976940394492,2
"40","FG0288","M5","M",5,"K",7.40733333333333,NA,165.8,NA,41.94217906,NA,6.38533333333333,1.08822485421595,6
"41","FG0290","K2","K",2,"K",NA,NA,NA,NA,5.058206605,NA,NA,NA,2
"42","FG0293","M5","M",5,"K",7.2,NA,150.533333333333,NA,28.5346605666667,NA,5.958,0.461159408447881,3
"43","FG0295","K3","K",3,"K",7.687,NA,190.633333333333,NA,5.391139805,NA,5.297,1.87539782446285,3
"44","FG0296","M1","M",1,"M",1.838,NA,103.4,NA,33.8531407,NA,1.788,NA,1
"45","FG0305","K1","K",1,"K",8.8825,NA,192.28,NA,6.67888993466667,NA,5.9403,2.66444649453169,15
"46","FG0309","K1","K",1,"K",7.683,NA,166.966666666667,NA,11.03796313,NA,6.259,1.40904471185268,6
"47","FG0350","M1","M",1,"M",3.5055,NA,99.035,NA,45.338164,NA,3.5175,1.9395939007947,2
"48","FG0358","K2","K",2,"K",6.97766666666667,NA,189.966666666667,NA,3.51487625666667,NA,2.67500002456667,2.55747742958809,6
"49","FG0386","M1","M",1,"K",4.21166666666667,NA,119.686666666667,NA,24.6016485666667,NA,4.00666666666667,1.91747811808462,3
"50","FG0447","M1","M",1,"M",2.799,NA,128.4,NA,36.5596354,NA,2.721,NA,1
"51","FG0477","K1","K",1,"M",4.57666666666667,NA,149.5,NA,16.6845379,NA,4.21266666666667,0.72882393850184,3
"52","FG0478","M1","M",1,"M",4.12,NA,132.55,NA,50.95646815,NA,4.0465,2.63680118704464,2
"53","FG0491","M1","M",1,"M",5.07166666666667,NA,121.666666666667,NA,43.5772133,NA,4.928,1.66184114764318,3
"54","FG0508","M3","M",3,"K",4.9125,NA,130.075,NA,32.56216,NA,4.56975,1.90581607629558,4
"55","FG0525","M2","M",2,"K",4.79275,NA,127.2,NA,28.0999988625,NA,4.6525,0.401428698525654,4
"56","FG0530","K1","K",1,"K",NA,NA,NA,NA,7.375906955,NA,NA,NA,2
"57","FG0531","K1","K",1,"K",4.9815,NA,130.4,NA,18.39501935,NA,4.568,1.06066017177982,2
"58","FG0563","M1","M",1,"M",4.09866666666667,NA,114.1,NA,33.9292491,NA,3.99466666666667,0.635577165522278,3
"59","FG0565","M3","M",3,"K",2.065,NA,88.51,NA,37.217983,NA,1.976,NA,1
"60","FG0590","K1","K",1,"M",8.14066666666667,NA,171.233333333333,NA,3.13066283,NA,5.825,1.95495242908875,3
"61","FG0593","M1","M",1,"K",4.21066666666667,NA,126.066666666667,NA,28.8473771,NA,4.02666666666667,0.838976360413888,6
"62","KH004","K4","K",4,"K",9.9996,NA,223.946666666667,NA,2.86541460504545,NA,1.36669237392308,3.43212446860283,25
